ts,sample,pid,comm,utime_delta_s,stime_delta_s,threads,vcsw_delta,nvcsw_delta
2026-09-27T16:24:15Z,1,3667567,async_slam_tool,0.24,0.03,25,14,117
2026-09-27T16:24:15Z,1,3667589,component_conta,0.67,0.17,52,0,0
2026-09-27T16:24:15Z,1,3667394,python3,0.11,0.01,15,100,464
2026-09-27T16:24:15Z,1,3673654,python3,0.16,0.03,15,194,733
2026-09-27T16:24:17Z,2,3667567,async_slam_tool,0.26,0.00,25,12,7
2026-09-27T16:24:17Z,2,3667589,component_conta,0.98,0.08,52,0,0
2026-09-27T16:24:17Z,2,3667394,python3,0.11,0.01,15,100,1
2026-09-27T16:24:17Z,2,3673654,python3,0.13,0.00,15,201,3
2026-09-27T16:24:19Z,3,3667567,async_slam_tool,0.26,0.03,25,12,4
2026-09-27T16:24:19Z,3,3667589,component_conta,0.91,0.08,52,0,0
2026-09-27T16:24:19Z,3,3667394,python3,0.13,0.00,15,101,2
2026-09-27T16:24:19Z,3,3673654,python3,0.13,0.01,15,200,3
2026-09-27T16:24:21Z,4,3667567,async_slam_tool,0.22,0.05,25,13,237
2026-09-27T16:24:21Z,4,3667589,component_conta,0.97,0.09,52,0,0
2026-09-27T16:24:21Z,4,3667394,python3,0.14,0.01,15,100,589
2026-09-27T16:24:21Z,4,3673654,python3,0.14,0.00,15,208,664
2026-09-27T16:24:23Z,5,3667567,async_slam_tool,0.28,0.04,25,12,1
2026-09-27T16:24:23Z,5,3667589,component_conta,1.00,0.12,52,0,0
2026-09-27T16:24:23Z,5,3667394,python3,0.13,0.01,15,101,3
2026-09-27T16:24:23Z,5,3673654,python3,0.13,0.01,15,201,4
2026-09-27T16:24:25Z,6,3667567,async_slam_tool,0.29,0.03,25,13,132
2026-09-27T16:24:25Z,6,3667589,component_conta,0.94,0.13,52,0,0
2026-09-27T16:24:25Z,6,3667394,python3,0.13,0.02,15,100,10
2026-09-27T16:24:25Z,6,3673654,python3,0.13,0.00,15,203,9
2026-09-27T16:24:27Z,7,3667567,async_slam_tool,0.22,0.04,25,10,186
2026-09-27T16:24:27Z,7,3667589,component_conta,0.93,0.12,52,0,0
2026-09-27T16:24:27Z,7,3667394,python3,0.13,0.01,15,100,664
2026-09-27T16:24:27Z,7,3673654,python3,0.15,0.00,15,204,718
2026-09-27T16:24:29Z,8,3667567,async_slam_tool,0.30,0.03,25,12,4
2026-09-27T16:24:29Z,8,3667589,component_conta,0.93,0.07,52,0,0
2026-09-27T16:24:29Z,8,3667394,python3,0.14,0.01,15,101,114
2026-09-27T16:24:29Z,8,3673654,python3,0.15,0.00,15,200,115
2026-09-27T16:24:31Z,9,3667567,async_slam_tool,0.29,0.04,25,15,115
2026-09-27T16:24:31Z,9,3667589,component_conta,0.96,0.08,52,0,0
2026-09-27T16:24:31Z,9,3667394,python3,0.13,0.00,15,124,6
2026-09-27T16:24:31Z,9,3673654,python3,0.14,0.00,15,201,5
2026-09-27T16:24:33Z,10,3667567,async_slam_tool,0.23,0.03,25,16,150
2026-09-27T16:24:33Z,10,3667567t3667567,TH:async_slam_tool,2.31,0,,,
2026-09-27T16:24:33Z,10,3667567t3667570,TH:async_slam_-ust,0.00,0,,,
2026-09-27T16:24:33Z,10,3667567t3667571,TH:async_slam_-ust,0.00,0,,,
2026-09-27T16:24:33Z,10,3667567t3667572,TH:async_slam_tool,0.00,0,,,
2026-09-27T16:24:33Z,10,3667567t3667573,TH:async_slam_tool,0.00,0,,,
2026-09-27T16:24:33Z,10,3667567t3667574,TH:dds.shm.wdog,0.00,0,,,
2026-09-27T16:24:33Z,10,3667567t3667575,TH:dds.ev.0,0.12,0,,,
2026-09-27T16:24:33Z,10,3667567t3667576,TH:dds.udp.7416,0.10,0,,,
2026-09-27T16:24:33Z,10,3667567t3667577,TH:dds.udp.7400,0.00,0,,,
2026-09-27T16:24:33Z,10,3667567t3667578,TH:dds.shm.7417,0.22,0,,,
2026-09-27T16:24:33Z,10,3667567t3667579,TH:dds.udp.7417,0.00,0,,,
2026-09-27T16:24:33Z,10,3667567t3667580,TH:dds.asyn.0.0,0.00,0,,,
2026-09-27T16:24:33Z,10,3667567t3667581,TH:dds.shm.7003,0.02,0,,,
2026-09-27T16:24:33Z,10,3667567t3667582,TH:dds.udp.7003,0.00,0,,,
2026-09-27T16:24:33Z,10,3667567t3667583,TH:async_slam_tool,0.01,0,,,
2026-09-27T16:24:33Z,10,3667567t3667584,TH:async_slam_tool,0.21,0,,,
2026-09-27T16:24:33Z,10,3667567t3667585,TH:async_slam_tool,0.27,0,,,
2026-09-27T16:24:33Z,10,3667567t3667586,TH:async_slam_tool,0.65,0,,,
2026-09-27T16:24:33Z,10,3667567t3667660,TH:async_slam_tool,0.55,0,,,
2026-09-27T16:24:33Z,10,3667567t3667661,TH:async_slam_tool,0.55,0,,,
2026-09-27T16:24:33Z,10,3667567t3667662,TH:async_slam_tool,0.55,0,,,
2026-09-27T16:24:33Z,10,3667567t3667663,TH:async_slam_tool,0.55,0,,,
2026-09-27T16:24:33Z,10,3667567t3667664,TH:async_slam_tool,0.55,0,,,
2026-09-27T16:24:33Z,10,3667567t3667665,TH:async_slam_tool,0.58,0,,,
2026-09-27T16:24:33Z,10,3667567t3667666,TH:async_slam_tool,0.58,0,,,
2026-09-27T16:24:33Z,10,3667589,component_conta,0.99,0.14,52,0,0
2026-09-27T16:24:33Z,10,3667589t3667589,TH:component_conta,0.24,0,,,
2026-09-27T16:24:33Z,10,3667589t3667596,TH:component_c-ust,0.00,0,,,
2026-09-27T16:24:33Z,10,3667589t3667597,TH:component_c-ust,0.00,0,,,
2026-09-27T16:24:33Z,10,3667589t3667610,TH:component_conta,0.00,0,,,
2026-09-27T16:24:33Z,10,3667589t3667611,TH:component_conta,0.00,0,,,
2026-09-27T16:24:33Z,10,3667589t3667612,TH:dds.shm.wdog,0.00,0,,,
2026-09-27T16:24:33Z,10,3667589t3667613,TH:dds.ev.0,0.24,0,,,
2026-09-27T16:24:33Z,10,3667589t3667614,TH:dds.udp.7418,0.05,0,,,
2026-09-27T16:24:33Z,10,3667589t3667615,TH:dds.udp.7400,0.00,0,,,
2026-09-27T16:24:33Z,10,3667589t3667616,TH:dds.shm.7419,1.29,0,,,
2026-09-27T16:24:33Z,10,3667589t3667617,TH:dds.udp.7419,0.00,0,,,
2026-09-27T16:24:33Z,10,3667589t3667618,TH:dds.asyn.0.0,0.16,0,,,
2026-09-27T16:24:33Z,10,3667589t3667619,TH:dds.shm.7004,0.00,0,,,
2026-09-27T16:24:33Z,10,3667589t3667620,TH:dds.udp.7004,0.00,0,,,
2026-09-27T16:24:33Z,10,3667589t3667621,TH:component_conta,0.01,0,,,
2026-09-27T16:24:33Z,10,3667589t3667623,TH:component_conta,1.42,0,,,
2026-09-27T16:24:33Z,10,3667589t3667625,TH:component_conta,1.15,0,,,
2026-09-27T16:24:33Z,10,3667589t3667626,TH:component_conta,1.09,0,,,
2026-09-27T16:24:33Z,10,3667589t3667627,TH:component_conta,1.25,0,,,
2026-09-27T16:24:33Z,10,3667589t3667628,TH:component_conta,1.45,0,,,
2026-09-27T16:24:33Z,10,3667589t3667629,TH:component_conta,1.47,0,,,
2026-09-27T16:24:33Z,10,3667589t3667630,TH:component_conta,0.83,0,,,
2026-09-27T16:24:33Z,10,3667589t3667631,TH:component_conta,1.06,0,,,
2026-09-27T16:24:33Z,10,3667589t3667632,TH:component_conta,1.06,0,,,
2026-09-27T16:24:33Z,10,3667589t3667633,TH:component_conta,0.91,0,,,
2026-09-27T16:24:33Z,10,3667589t3667634,TH:component_conta,3.70,0,,,
2026-09-27T16:24:33Z,10,3667589t3667635,TH:component_conta,0.05,0,,,
2026-09-27T16:24:33Z,10,3667589t3667636,TH:component_conta,0.13,0,,,
2026-09-27T16:24:33Z,10,3667589t3667637,TH:component_conta,0.04,0,,,
2026-09-27T16:24:33Z,10,3667589t3667638,TH:component_conta,0.02,0,,,
2026-09-27T16:24:33Z,10,3667589t3667639,TH:component_conta,1.01,0,,,
2026-09-27T16:24:33Z,10,3667589t3667640,TH:component_conta,0.00,0,,,
2026-09-27T16:24:33Z,10,3667589t3667641,TH:component_conta,0.12,0,,,
2026-09-27T16:24:33Z,10,3667589t3667642,TH:component_conta,0.00,0,,,
2026-09-27T16:24:33Z,10,3667589t3667643,TH:component_conta,0.10,0,,,
2026-09-27T16:24:33Z,10,3667589t3667644,TH:component_conta,0.03,0,,,
2026-09-27T16:24:33Z,10,3667589t3667645,TH:component_conta,0.02,0,,,
2026-09-27T16:24:33Z,10,3667589t3667646,TH:component_conta,0.00,0,,,
2026-09-27T16:24:33Z,10,3667589t3667647,TH:component_conta,0.00,0,,,
2026-09-27T16:24:33Z,10,3667589t3667648,TH:component_conta,0.13,0,,,
2026-09-27T16:24:33Z,10,3667589t3667649,TH:component_conta,0.00,0,,,
2026-09-27T16:24:33Z,10,3667589t3667650,TH:component_conta,0.00,0,,,
2026-09-27T16:24:33Z,10,3667589t3667654,TH:component_conta,0.15,0,,,
2026-09-27T16:24:33Z,10,3667589t3667655,TH:component_conta,0.15,0,,,
2026-09-27T16:24:33Z,10,3667589t3667656,TH:component_conta,0.16,0,,,
2026-09-27T16:24:33Z,10,3667589t3667657,TH:component_conta,0.00,0,,,
2026-09-27T16:24:33Z,10,3667589t3667658,TH:component_conta,0.00,0,,,
2026-09-27T16:24:33Z,10,3667589t3667659,TH:component_conta,0.19,0,,,
2026-09-27T16:24:33Z,10,3667589t3667903,TH:component_conta,0.05,0,,,
2026-09-27T16:24:33Z,10,3667589t3668444,TH:component_conta,0.11,0,,,
2026-09-27T16:24:33Z,10,3667589t3674047,TH:component_conta,0.50,0,,,
2026-09-27T16:24:33Z,10,3667589t3674590,TH:component_conta,2.59,0,,,
2026-09-27T16:24:33Z,10,3667394,python3,0.14,0.01,15,101,364
2026-09-27T16:24:33Z,10,3667394t3667394,TH:python3,3.57,0,,,
2026-09-27T16:24:33Z,10,3667394t3667396,TH:python3-ust,0.00,0,,,
2026-09-27T16:24:33Z,10,3667394t3667397,TH:python3-ust,0.00,0,,,
2026-09-27T16:24:33Z,10,3667394t3667398,TH:python3,0.00,0,,,
2026-09-27T16:24:33Z,10,3667394t3667399,TH:python3,0.00,0,,,
2026-09-27T16:24:33Z,10,3667394t3667400,TH:dds.shm.wdog,0.00,0,,,
2026-09-27T16:24:33Z,10,3667394t3667401,TH:dds.ev.0,0.08,0,,,
2026-09-27T16:24:33Z,10,3667394t3667402,TH:dds.udp.7410,0.09,0,,,
2026-09-27T16:24:33Z,10,3667394t3667403,TH:dds.udp.7400,0.00,0,,,
2026-09-27T16:24:33Z,10,3667394t3667404,TH:dds.shm.7411,0.05,0,,,
2026-09-27T16:24:33Z,10,3667394t3667405,TH:dds.udp.7411,0.00,0,,,
2026-09-27T16:24:33Z,10,3667394t3667406,TH:dds.asyn.0.0,0.00,0,,,
2026-09-27T16:24:33Z,10,3667394t3667407,TH:dds.shm.7000,0.01,0,,,
2026-09-27T16:24:33Z,10,3667394t3667408,TH:dds.udp.7000,0.00,0,,,
2026-09-27T16:24:33Z,10,3667394t3667409,TH:python3,0.01,0,,,
2026-09-27T16:24:33Z,10,3673654,python3,0.14,0.01,15,204,412
2026-09-27T16:24:33Z,10,3673654t3673654,TH:python3,1.61,0,,,
2026-09-27T16:24:33Z,10,3673654t3673658,TH:python3-ust,0.00,0,,,
2026-09-27T16:24:33Z,10,3673654t3673659,TH:python3-ust,0.00,0,,,
2026-09-27T16:24:33Z,10,3673654t3673662,TH:python3,0.00,0,,,
2026-09-27T16:24:33Z,10,3673654t3673663,TH:python3,0.00,0,,,
2026-09-27T16:24:33Z,10,3673654t3673664,TH:dds.shm.wdog,0.00,0,,,
2026-09-27T16:24:33Z,10,3673654t3673665,TH:dds.ev.0,0.01,0,,,
2026-09-27T16:24:33Z,10,3673654t3673666,TH:dds.udp.7420,0.05,0,,,
2026-09-27T16:24:33Z,10,3673654t3673667,TH:dds.udp.7400,0.00,0,,,
2026-09-27T16:24:33Z,10,3673654t3673668,TH:dds.shm.7421,0.07,0,,,
2026-09-27T16:24:33Z,10,3673654t3673669,TH:dds.udp.7421,0.00,0,,,
2026-09-27T16:24:33Z,10,3673654t3673670,TH:dds.asyn.0.0,0.00,0,,,
2026-09-27T16:24:33Z,10,3673654t3673671,TH:dds.shm.7005,0.00,0,,,
2026-09-27T16:24:33Z,10,3673654t3673672,TH:dds.udp.7005,0.00,0,,,
2026-09-27T16:24:33Z,10,3673654t3673673,TH:python3,0.00,0,,,
2026-09-27T16:24:35Z,11,3667567,async_slam_tool,0.33,0.03,25,13,163
2026-09-27T16:24:35Z,11,3667589,component_conta,0.95,0.13,52,0,0
2026-09-27T16:24:35Z,11,3667394,python3,0.14,0.02,15,101,419
2026-09-27T16:24:35Z,11,3673654,python3,0.15,0.01,15,217,586
2026-09-27T16:24:37Z,12,3667567,async_slam_tool,0.29,0.00,25,12,6
2026-09-27T16:24:37Z,12,3667589,component_conta,0.51,0.04,50,0,0
2026-09-27T16:24:37Z,12,3667394,python3,0.09,0.00,15,100,2
2026-09-27T16:24:37Z,12,3673654,python3,0.02,0.00,15,24,13
2026-09-27T16:24:39Z,13,3667567,async_slam_tool,0.21,0.01,25,10,21
2026-09-27T16:24:39Z,13,3667589,component_conta,0.82,0.08,52,0,0
2026-09-27T16:24:39Z,13,3667394,python3,0.09,0.00,15,100,48
2026-09-27T16:24:39Z,13,3673654,python3,0.12,0.00,15,185,51
2026-09-27T16:24:41Z,14,3667567,async_slam_tool,0.35,0.02,25,19,381
2026-09-27T16:24:41Z,14,3667589,component_conta,1.00,0.09,52,0,0
2026-09-27T16:24:41Z,14,3667394,python3,0.11,0.00,15,100,618
2026-09-27T16:24:41Z,14,3673654,python3,0.14,0.01,15,212,876
2026-09-27T16:24:43Z,15,3667567,async_slam_tool,0.29,0.01,25,12,2
2026-09-27T16:24:43Z,15,3667589,component_conta,1.05,0.10,52,0,0
2026-09-27T16:24:43Z,15,3667394,python3,0.10,0.01,15,100,1
2026-09-27T16:24:43Z,15,3673654,python3,0.12,0.01,15,203,0
2026-09-27T16:24:45Z,16,3667567,async_slam_tool,0.22,0.01,25,10,6
2026-09-27T16:24:45Z,16,3667589,component_conta,1.00,0.09,52,0,0
2026-09-27T16:24:45Z,16,3667394,python3,0.10,0.01,15,100,5
2026-09-27T16:24:45Z,16,3673654,python3,0.13,0.00,15,200,1
2026-09-27T16:24:47Z,17,3667567,async_slam_tool,0.31,0.02,25,12,75
2026-09-27T16:24:47Z,17,3667589,component_conta,0.95,0.11,52,0,0
2026-09-27T16:24:47Z,17,3667394,python3,0.11,0.00,15,101,549
2026-09-27T16:24:47Z,17,3673654,python3,0.14,0.01,15,202,669
2026-09-27T16:24:49Z,18,3667567,async_slam_tool,0.31,0.01,25,13,5
2026-09-27T16:24:49Z,18,3667589,component_conta,0.96,0.11,52,0,0
2026-09-27T16:24:49Z,18,3667394,python3,0.10,0.01,15,100,2
2026-09-27T16:24:49Z,18,3673654,python3,0.13,0.00,15,202,3
2026-09-27T16:24:51Z,19,3667567,async_slam_tool,0.21,0.01,25,10,29
2026-09-27T16:24:51Z,19,3667589,component_conta,0.97,0.10,52,0,0
2026-09-27T16:24:51Z,19,3667394,python3,0.10,0.00,15,101,5
2026-09-27T16:24:51Z,19,3673654,python3,0.12,0.00,15,201,2
2026-09-27T16:24:53Z,20,3667567,async_slam_tool,0.30,0.02,25,13,380
2026-09-27T16:24:53Z,20,3667567t3667567,TH:async_slam_tool,3.10,0,,,
2026-09-27T16:24:53Z,20,3667567t3667570,TH:async_slam_-ust,0.00,0,,,
2026-09-27T16:24:53Z,20,3667567t3667571,TH:async_slam_-ust,0.00,0,,,
2026-09-27T16:24:53Z,20,3667567t3667572,TH:async_slam_tool,0.00,0,,,
2026-09-27T16:24:53Z,20,3667567t3667573,TH:async_slam_tool,0.00,0,,,
2026-09-27T16:24:53Z,20,3667567t3667574,TH:dds.shm.wdog,0.00,0,,,
2026-09-27T16:24:53Z,20,3667567t3667575,TH:dds.ev.0,0.15,0,,,
2026-09-27T16:24:53Z,20,3667567t3667576,TH:dds.udp.7416,0.11,0,,,
2026-09-27T16:24:53Z,20,3667567t3667577,TH:dds.udp.7400,0.00,0,,,
2026-09-27T16:24:53Z,20,3667567t3667578,TH:dds.shm.7417,0.27,0,,,
2026-09-27T16:24:53Z,20,3667567t3667579,TH:dds.udp.7417,0.00,0,,,
2026-09-27T16:24:53Z,20,3667567t3667580,TH:dds.asyn.0.0,0.00,0,,,
2026-09-27T16:24:53Z,20,3667567t3667581,TH:dds.shm.7003,0.02,0,,,
2026-09-27T16:24:53Z,20,3667567t3667582,TH:dds.udp.7003,0.00,0,,,
2026-09-27T16:24:53Z,20,3667567t3667583,TH:async_slam_tool,0.01,0,,,
2026-09-27T16:24:53Z,20,3667567t3667584,TH:async_slam_tool,0.29,0,,,
2026-09-27T16:24:53Z,20,3667567t3667585,TH:async_slam_tool,0.33,0,,,
2026-09-27T16:24:53Z,20,3667567t3667586,TH:async_slam_tool,1.28,0,,,
2026-09-27T16:24:53Z,20,3667567t3667660,TH:async_slam_tool,0.74,0,,,
2026-09-27T16:24:53Z,20,3667567t3667661,TH:async_slam_tool,0.73,0,,,
2026-09-27T16:24:53Z,20,3667567t3667662,TH:async_slam_tool,0.73,0,,,
2026-09-27T16:24:53Z,20,3667567t3667663,TH:async_slam_tool,0.74,0,,,
2026-09-27T16:24:53Z,20,3667567t3667664,TH:async_slam_tool,0.74,0,,,
2026-09-27T16:24:53Z,20,3667567t3667665,TH:async_slam_tool,0.76,0,,,
2026-09-27T16:24:53Z,20,3667567t3667666,TH:async_slam_tool,0.77,0,,,
2026-09-27T16:24:53Z,20,3667589,component_conta,0.97,0.12,52,0,0
2026-09-27T16:24:53Z,20,3667589t3667589,TH:component_conta,0.24,0,,,
2026-09-27T16:24:53Z,20,3667589t3667596,TH:component_c-ust,0.00,0,,,
2026-09-27T16:24:53Z,20,3667589t3667597,TH:component_c-ust,0.00,0,,,
2026-09-27T16:24:53Z,20,3667589t3667610,TH:component_conta,0.00,0,,,
2026-09-27T16:24:53Z,20,3667589t3667611,TH:component_conta,0.00,0,,,
2026-09-27T16:24:53Z,20,3667589t3667612,TH:dds.shm.wdog,0.00,0,,,
2026-09-27T16:24:53Z,20,3667589t3667613,TH:dds.ev.0,0.30,0,,,
2026-09-27T16:24:53Z,20,3667589t3667614,TH:dds.udp.7418,0.06,0,,,
2026-09-27T16:24:53Z,20,3667589t3667615,TH:dds.udp.7400,0.01,0,,,
2026-09-27T16:24:53Z,20,3667589t3667616,TH:dds.shm.7419,1.73,0,,,
2026-09-27T16:24:53Z,20,3667589t3667617,TH:dds.udp.7419,0.00,0,,,
2026-09-27T16:24:53Z,20,3667589t3667618,TH:dds.asyn.0.0,0.16,0,,,
2026-09-27T16:24:53Z,20,3667589t3667619,TH:dds.shm.7004,0.00,0,,,
2026-09-27T16:24:53Z,20,3667589t3667620,TH:dds.udp.7004,0.00,0,,,
2026-09-27T16:24:53Z,20,3667589t3667621,TH:component_conta,0.01,0,,,
2026-09-27T16:24:53Z,20,3667589t3667623,TH:component_conta,1.86,0,,,
2026-09-27T16:24:53Z,20,3667589t3667625,TH:component_conta,1.51,0,,,
2026-09-27T16:24:53Z,20,3667589t3667626,TH:component_conta,1.43,0,,,
2026-09-27T16:24:53Z,20,3667589t3667627,TH:component_conta,1.64,0,,,
2026-09-27T16:24:53Z,20,3667589t3667628,TH:component_conta,1.92,0,,,
2026-09-27T16:24:53Z,20,3667589t3667629,TH:component_conta,1.99,0,,,
2026-09-27T16:24:53Z,20,3667589t3667630,TH:component_conta,1.09,0,,,
2026-09-27T16:24:53Z,20,3667589t3667631,TH:component_conta,1.41,0,,,
2026-09-27T16:24:53Z,20,3667589t3667632,TH:component_conta,1.42,0,,,
2026-09-27T16:24:53Z,20,3667589t3667633,TH:component_conta,1.21,0,,,
2026-09-27T16:24:53Z,20,3667589t3667634,TH:component_conta,4.94,0,,,
2026-09-27T16:24:53Z,20,3667589t3667635,TH:component_conta,0.05,0,,,
2026-09-27T16:24:53Z,20,3667589t3667636,TH:component_conta,0.19,0,,,
2026-09-27T16:24:53Z,20,3667589t3667637,TH:component_conta,0.05,0,,,
2026-09-27T16:24:53Z,20,3667589t3667638,TH:component_conta,0.02,0,,,
2026-09-27T16:24:53Z,20,3667589t3667639,TH:component_conta,2.09,0,,,
2026-09-27T16:24:53Z,20,3667589t3667640,TH:component_conta,0.01,0,,,
2026-09-27T16:24:53Z,20,3667589t3667641,TH:component_conta,0.15,0,,,
2026-09-27T16:24:53Z,20,3667589t3667642,TH:component_conta,0.00,0,,,
2026-09-27T16:24:53Z,20,3667589t3667643,TH:component_conta,0.14,0,,,
2026-09-27T16:24:53Z,20,3667589t3667644,TH:component_conta,0.04,0,,,
2026-09-27T16:24:53Z,20,3667589t3667645,TH:component_conta,0.02,0,,,
2026-09-27T16:24:53Z,20,3667589t3667646,TH:component_conta,0.00,0,,,
2026-09-27T16:24:53Z,20,3667589t3667647,TH:component_conta,0.00,0,,,
2026-09-27T16:24:53Z,20,3667589t3667648,TH:component_conta,0.17,0,,,
2026-09-27T16:24:53Z,20,3667589t3667649,TH:component_conta,0.00,0,,,
2026-09-27T16:24:53Z,20,3667589t3667650,TH:component_conta,0.00,0,,,
2026-09-27T16:24:53Z,20,3667589t3667654,TH:component_conta,0.20,0,,,
2026-09-27T16:24:53Z,20,3667589t3667655,TH:component_conta,0.21,0,,,
2026-09-27T16:24:53Z,20,3667589t3667656,TH:component_conta,0.22,0,,,
2026-09-27T16:24:53Z,20,3667589t3667657,TH:component_conta,0.00,0,,,
2026-09-27T16:24:53Z,20,3667589t3667658,TH:component_conta,0.00,0,,,
2026-09-27T16:24:53Z,20,3667589t3667659,TH:component_conta,0.25,0,,,
2026-09-27T16:24:53Z,20,3667589t3667903,TH:component_conta,0.06,0,,,
2026-09-27T16:24:53Z,20,3667589t3668444,TH:component_conta,0.14,0,,,
2026-09-27T16:24:53Z,20,3667589t3679777,TH:component_conta,0.43,0,,,
2026-09-27T16:24:53Z,20,3667589t3684165,TH:component_conta,0.00,0,,,
2026-09-27T16:24:53Z,20,3667394,python3,0.11,0.01,15,100,457
2026-09-27T16:24:53Z,20,3667394t3667394,TH:python3,4.63,0,,,
2026-09-27T16:24:53Z,20,3667394t3667396,TH:python3-ust,0.00,0,,,
2026-09-27T16:24:53Z,20,3667394t3667397,TH:python3-ust,0.00,0,,,
2026-09-27T16:24:53Z,20,3667394t3667398,TH:python3,0.00,0,,,
2026-09-27T16:24:53Z,20,3667394t3667399,TH:python3,0.00,0,,,
2026-09-27T16:24:53Z,20,3667394t3667400,TH:dds.shm.wdog,0.00,0,,,
2026-09-27T16:24:53Z,20,3667394t3667401,TH:dds.ev.0,0.11,0,,,
2026-09-27T16:24:53Z,20,3667394t3667402,TH:dds.udp.7410,0.09,0,,,
2026-09-27T16:24:53Z,20,3667394t3667403,TH:dds.udp.7400,0.00,0,,,
2026-09-27T16:24:53Z,20,3667394t3667404,TH:dds.shm.7411,0.06,0,,,
2026-09-27T16:24:53Z,20,3667394t3667405,TH:dds.udp.7411,0.00,0,,,
2026-09-27T16:24:53Z,20,3667394t3667406,TH:dds.asyn.0.0,0.00,0,,,
2026-09-27T16:24:53Z,20,3667394t3667407,TH:dds.shm.7000,0.01,0,,,
2026-09-27T16:24:53Z,20,3667394t3667408,TH:dds.udp.7000,0.00,0,,,
2026-09-27T16:24:53Z,20,3667394t3667409,TH:python3,0.01,0,,,
2026-09-27T16:24:53Z,20,3673654,python3,0.15,0.00,15,201,607
2026-09-27T16:24:53Z,20,3673654t3673654,TH:python3,2.77,0,,,
2026-09-27T16:24:53Z,20,3673654t3673658,TH:python3-ust,0.00,0,,,
2026-09-27T16:24:53Z,20,3673654t3673659,TH:python3-ust,0.00,0,,,
2026-09-27T16:24:53Z,20,3673654t3673662,TH:python3,0.00,0,,,
2026-09-27T16:24:53Z,20,3673654t3673663,TH:python3,0.00,0,,,
2026-09-27T16:24:53Z,20,3673654t3673664,TH:dds.shm.wdog,0.00,0,,,
2026-09-27T16:24:53Z,20,3673654t3673665,TH:dds.ev.0,0.03,0,,,
2026-09-27T16:24:53Z,20,3673654t3673666,TH:dds.udp.7420,0.05,0,,,
2026-09-27T16:24:53Z,20,3673654t3673667,TH:dds.udp.7400,0.00,0,,,
2026-09-27T16:24:53Z,20,3673654t3673668,TH:dds.shm.7421,0.14,0,,,
2026-09-27T16:24:53Z,20,3673654t3673669,TH:dds.udp.7421,0.00,0,,,
2026-09-27T16:24:53Z,20,3673654t3673670,TH:dds.asyn.0.0,0.00,0,,,
2026-09-27T16:24:53Z,20,3673654t3673671,TH:dds.shm.7005,0.00,0,,,
2026-09-27T16:24:53Z,20,3673654t3673672,TH:dds.udp.7005,0.00,0,,,
2026-09-27T16:24:53Z,20,3673654t3673673,TH:python3,0.00,0,,,
2026-09-27T16:24:55Z,21,3667567,async_slam_tool,0.30,0.01,25,12,10
2026-09-27T16:24:55Z,21,3667589,component_conta,0.75,0.09,52,0,0
2026-09-27T16:24:55Z,21,3667394,python3,0.10,0.01,15,100,5
2026-09-27T16:24:55Z,21,3673654,python3,0.13,0.01,15,204,4
2026-09-27T16:24:57Z,22,3667567,async_slam_tool,0.22,0.01,25,10,4
2026-09-27T16:24:57Z,22,3667589,component_conta,1.06,0.08,52,0,0
2026-09-27T16:24:57Z,22,3667394,python3,0.09,0.00,15,100,0
2026-09-27T16:24:57Z,22,3673654,python3,0.13,0.00,15,201,0
2026-09-27T16:24:59Z,23,3667567,async_slam_tool,0.31,0.02,25,12,104
2026-09-27T16:24:59Z,23,3667589,component_conta,0.95,0.10,52,0,0
2026-09-27T16:24:59Z,23,3667394,python3,0.11,0.00,15,101,274
2026-09-27T16:24:59Z,23,3673654,python3,0.14,0.01,15,208,318
2026-09-27T16:25:01Z,24,3667567,async_slam_tool,0.31,0.02,25,12,11
2026-09-27T16:25:01Z,24,3667589,component_conta,0.62,0.08,50,0,0
2026-09-27T16:25:01Z,24,3667394,python3,0.10,0.00,15,100,89
2026-09-27T16:25:01Z,24,3673654,python3,0.03,0.00,15,32,71
2026-09-27T16:25:03Z,25,3667567,async_slam_tool,0.23,0.01,25,10,2
2026-09-27T16:25:03Z,25,3667589,component_conta,0.96,0.07,52,0,0
2026-09-27T16:25:03Z,25,3667394,python3,0.10,0.01,15,101,1
2026-09-27T16:25:03Z,25,3673654,python3,0.11,0.00,15,179,0
2026-09-27T16:25:05Z,26,3667567,async_slam_tool,0.32,0.02,25,14,113
2026-09-27T16:25:05Z,26,3667589,component_conta,0.93,0.06,52,0,0
2026-09-27T16:25:05Z,26,3667394,python3,0.10,0.00,15,102,203
2026-09-27T16:25:05Z,26,3673654,python3,0.14,0.01,15,201,154
2026-09-27T16:25:07Z,27,3667567,async_slam_tool,0.32,0.01,25,12,62
2026-09-27T16:25:07Z,27,3667589,component_conta,0.89,0.08,52,0,0
2026-09-27T16:25:07Z,27,3667394,python3,0.11,0.00,15,100,235
2026-09-27T16:25:07Z,27,3673654,python3,0.13,0.00,15,207,313
2026-09-27T16:25:09Z,28,3667567,async_slam_tool,0.23,0.01,25,10,5
2026-09-27T16:25:09Z,28,3667589,component_conta,0.96,0.07,52,0,0
2026-09-27T16:25:09Z,28,3667394,python3,0.09,0.00,15,101,1
2026-09-27T16:25:09Z,28,3673654,python3,0.13,0.01,15,201,0
2026-09-27T16:25:11Z,29,3667567,async_slam_tool,0.35,0.01,25,13,157
2026-09-27T16:25:11Z,29,3667589,component_conta,0.98,0.08,52,0,0
2026-09-27T16:25:11Z,29,3667394,python3,0.10,0.00,15,101,49
2026-09-27T16:25:11Z,29,3673654,python3,0.13,0.00,15,206,33
2026-09-27T16:25:13Z,30,3667567,async_slam_tool,0.34,0.02,25,13,196
2026-09-27T16:25:13Z,30,3667567t3667567,TH:async_slam_tool,3.92,0,,,
2026-09-27T16:25:13Z,30,3667567t3667570,TH:async_slam_-ust,0.00,0,,,
2026-09-27T16:25:13Z,30,3667567t3667571,TH:async_slam_-ust,0.00,0,,,
2026-09-27T16:25:13Z,30,3667567t3667572,TH:async_slam_tool,0.00,0,,,
2026-09-27T16:25:13Z,30,3667567t3667573,TH:async_slam_tool,0.00,0,,,
2026-09-27T16:25:13Z,30,3667567t3667574,TH:dds.shm.wdog,0.00,0,,,
2026-09-27T16:25:13Z,30,3667567t3667575,TH:dds.ev.0,0.17,0,,,
2026-09-27T16:25:13Z,30,3667567t3667576,TH:dds.udp.7416,0.11,0,,,
2026-09-27T16:25:13Z,30,3667567t3667577,TH:dds.udp.7400,0.00,0,,,
2026-09-27T16:25:13Z,30,3667567t3667578,TH:dds.shm.7417,0.33,0,,,
2026-09-27T16:25:13Z,30,3667567t3667579,TH:dds.udp.7417,0.00,0,,,
2026-09-27T16:25:13Z,30,3667567t3667580,TH:dds.asyn.0.0,0.00,0,,,
2026-09-27T16:25:13Z,30,3667567t3667581,TH:dds.shm.7003,0.02,0,,,
2026-09-27T16:25:13Z,30,3667567t3667582,TH:dds.udp.7003,0.00,0,,,
2026-09-27T16:25:13Z,30,3667567t3667583,TH:async_slam_tool,0.01,0,,,
2026-09-27T16:25:13Z,30,3667567t3667584,TH:async_slam_tool,0.35,0,,,
2026-09-27T16:25:13Z,30,3667567t3667585,TH:async_slam_tool,0.38,0,,,
2026-09-27T16:25:13Z,30,3667567t3667586,TH:async_slam_tool,1.99,0,,,
2026-09-27T16:25:13Z,30,3667567t3667660,TH:async_slam_tool,0.92,0,,,
2026-09-27T16:25:13Z,30,3667567t3667661,TH:async_slam_tool,0.91,0,,,
2026-09-27T16:25:13Z,30,3667567t3667662,TH:async_slam_tool,0.91,0,,,
2026-09-27T16:25:13Z,30,3667567t3667663,TH:async_slam_tool,0.92,0,,,
2026-09-27T16:25:13Z,30,3667567t3667664,TH:async_slam_tool,0.94,0,,,
2026-09-27T16:25:13Z,30,3667567t3667665,TH:async_slam_tool,0.96,0,,,
2026-09-27T16:25:13Z,30,3667567t3667666,TH:async_slam_tool,0.95,0,,,
2026-09-27T16:25:13Z,30,3667589,component_conta,1.02,0.08,52,0,0
2026-09-27T16:25:13Z,30,3667589t3667589,TH:component_conta,0.24,0,,,
2026-09-27T16:25:13Z,30,3667589t3667596,TH:component_c-ust,0.00,0,,,
2026-09-27T16:25:13Z,30,3667589t3667597,TH:component_c-ust,0.00,0,,,
2026-09-27T16:25:13Z,30,3667589t3667610,TH:component_conta,0.00,0,,,
2026-09-27T16:25:13Z,30,3667589t3667611,TH:component_conta,0.00,0,,,
2026-09-27T16:25:13Z,30,3667589t3667612,TH:dds.shm.wdog,0.00,0,,,
2026-09-27T16:25:13Z,30,3667589t3667613,TH:dds.ev.0,0.35,0,,,
2026-09-27T16:25:13Z,30,3667589t3667614,TH:dds.udp.7418,0.06,0,,,
2026-09-27T16:25:13Z,30,3667589t3667615,TH:dds.udp.7400,0.01,0,,,
2026-09-27T16:25:13Z,30,3667589t3667616,TH:dds.shm.7419,2.15,0,,,
2026-09-27T16:25:13Z,30,3667589t3667617,TH:dds.udp.7419,0.00,0,,,
2026-09-27T16:25:13Z,30,3667589t3667618,TH:dds.asyn.0.0,0.16,0,,,
2026-09-27T16:25:13Z,30,3667589t3667619,TH:dds.shm.7004,0.00,0,,,
2026-09-27T16:25:13Z,30,3667589t3667620,TH:dds.udp.7004,0.00,0,,,
2026-09-27T16:25:13Z,30,3667589t3667621,TH:component_conta,0.01,0,,,
2026-09-27T16:25:13Z,30,3667589t3667623,TH:component_conta,2.31,0,,,
2026-09-27T16:25:13Z,30,3667589t3667625,TH:component_conta,1.89,0,,,
2026-09-27T16:25:13Z,30,3667589t3667626,TH:component_conta,1.78,0,,,
2026-09-27T16:25:13Z,30,3667589t3667627,TH:component_conta,2.05,0,,,
2026-09-27T16:25:13Z,30,3667589t3667628,TH:component_conta,2.40,0,,,
2026-09-27T16:25:13Z,30,3667589t3667629,TH:component_conta,2.54,0,,,
2026-09-27T16:25:13Z,30,3667589t3667630,TH:component_conta,1.38,0,,,
2026-09-27T16:25:13Z,30,3667589t3667631,TH:component_conta,1.78,0,,,
2026-09-27T16:25:13Z,30,3667589t3667632,TH:component_conta,1.84,0,,,
2026-09-27T16:25:13Z,30,3667589t3667633,TH:component_conta,1.50,0,,,
2026-09-27T16:25:13Z,30,3667589t3667634,TH:component_conta,6.20,0,,,
2026-09-27T16:25:13Z,30,3667589t3667635,TH:component_conta,0.06,0,,,
2026-09-27T16:25:13Z,30,3667589t3667636,TH:component_conta,0.24,0,,,
2026-09-27T16:25:13Z,30,3667589t3667637,TH:component_conta,0.07,0,,,
2026-09-27T16:25:13Z,30,3667589t3667638,TH:component_conta,0.02,0,,,
2026-09-27T16:25:13Z,30,3667589t3667639,TH:component_conta,3.03,0,,,
2026-09-27T16:25:13Z,30,3667589t3667640,TH:component_conta,0.01,0,,,
2026-09-27T16:25:13Z,30,3667589t3667641,TH:component_conta,0.20,0,,,
2026-09-27T16:25:13Z,30,3667589t3667642,TH:component_conta,0.00,0,,,
2026-09-27T16:25:13Z,30,3667589t3667643,TH:component_conta,0.17,0,,,
2026-09-27T16:25:13Z,30,3667589t3667644,TH:component_conta,0.06,0,,,
2026-09-27T16:25:13Z,30,3667589t3667645,TH:component_conta,0.02,0,,,
2026-09-27T16:25:13Z,30,3667589t3667646,TH:component_conta,0.01,0,,,
2026-09-27T16:25:13Z,30,3667589t3667647,TH:component_conta,0.00,0,,,
2026-09-27T16:25:13Z,30,3667589t3667648,TH:component_conta,0.21,0,,,
2026-09-27T16:25:13Z,30,3667589t3667649,TH:component_conta,0.00,0,,,
2026-09-27T16:25:13Z,30,3667589t3667650,TH:component_conta,0.00,0,,,
2026-09-27T16:25:13Z,30,3667589t3667654,TH:component_conta,0.26,0,,,
2026-09-27T16:25:13Z,30,3667589t3667655,TH:component_conta,0.26,0,,,
2026-09-27T16:25:13Z,30,3667589t3667656,TH:component_conta,0.27,0,,,
2026-09-27T16:25:13Z,30,3667589t3667657,TH:component_conta,0.00,0,,,
2026-09-27T16:25:13Z,30,3667589t3667658,TH:component_conta,0.00,0,,,
2026-09-27T16:25:13Z,30,3667589t3667659,TH:component_conta,0.31,0,,,
2026-09-27T16:25:13Z,30,3667589t3667903,TH:component_conta,0.08,0,,,
2026-09-27T16:25:13Z,30,3667589t3668444,TH:component_conta,0.18,0,,,
2026-09-27T16:25:13Z,30,3667589t3685910,TH:component_conta,0.31,0,,,
2026-09-27T16:25:13Z,30,3667589t3685912,TH:component_conta,1.57,0,,,
2026-09-27T16:25:13Z,30,3667394,python3,0.11,0.01,15,100,388
2026-09-27T16:25:13Z,30,3667394t3667394,TH:python3,5.63,0,,,
2026-09-27T16:25:13Z,30,3667394t3667396,TH:python3-ust,0.00,0,,,
2026-09-27T16:25:13Z,30,3667394t3667397,TH:python3-ust,0.00,0,,,
2026-09-27T16:25:13Z,30,3667394t3667398,TH:python3,0.00,0,,,
2026-09-27T16:25:13Z,30,3667394t3667399,TH:python3,0.00,0,,,
2026-09-27T16:25:13Z,30,3667394t3667400,TH:dds.shm.wdog,0.00,0,,,
2026-09-27T16:25:13Z,30,3667394t3667401,TH:dds.ev.0,0.13,0,,,
2026-09-27T16:25:13Z,30,3667394t3667402,TH:dds.udp.7410,0.09,0,,,
2026-09-27T16:25:13Z,30,3667394t3667403,TH:dds.udp.7400,0.00,0,,,
2026-09-27T16:25:13Z,30,3667394t3667404,TH:dds.shm.7411,0.06,0,,,
2026-09-27T16:25:13Z,30,3667394t3667405,TH:dds.udp.7411,0.00,0,,,
2026-09-27T16:25:13Z,30,3667394t3667406,TH:dds.asyn.0.0,0.00,0,,,
2026-09-27T16:25:13Z,30,3667394t3667407,TH:dds.shm.7000,0.02,0,,,
2026-09-27T16:25:13Z,30,3667394t3667408,TH:dds.udp.7000,0.00,0,,,
2026-09-27T16:25:13Z,30,3667394t3667409,TH:python3,0.01,0,,,
2026-09-27T16:25:13Z,30,3673654,python3,0.14,0.01,15,210,567
2026-09-27T16:25:13Z,30,3673654t3673654,TH:python3,3.92,0,,,
2026-09-27T16:25:13Z,30,3673654t3673658,TH:python3-ust,0.00,0,,,
2026-09-27T16:25:13Z,30,3673654t3673659,TH:python3-ust,0.00,0,,,
2026-09-27T16:25:13Z,30,3673654t3673662,TH:python3,0.00,0,,,
2026-09-27T16:25:13Z,30,3673654t3673663,TH:python3,0.00,0,,,
2026-09-27T16:25:13Z,30,3673654t3673664,TH:dds.shm.wdog,0.00,0,,,
2026-09-27T16:25:13Z,30,3673654t3673665,TH:dds.ev.0,0.04,0,,,
2026-09-27T16:25:13Z,30,3673654t3673666,TH:dds.udp.7420,0.06,0,,,
2026-09-27T16:25:13Z,30,3673654t3673667,TH:dds.udp.7400,0.00,0,,,
2026-09-27T16:25:13Z,30,3673654t3673668,TH:dds.shm.7421,0.22,0,,,
2026-09-27T16:25:13Z,30,3673654t3673669,TH:dds.udp.7421,0.00,0,,,
2026-09-27T16:25:13Z,30,3673654t3673670,TH:dds.asyn.0.0,0.00,0,,,
2026-09-27T16:25:13Z,30,3673654t3673671,TH:dds.shm.7005,0.00,0,,,
2026-09-27T16:25:13Z,30,3673654t3673672,TH:dds.udp.7005,0.00,0,,,
2026-09-27T16:25:13Z,30,3673654t3673673,TH:python3,0.00,0,,,
2026-09-27T16:25:15Z,31,3667567,async_slam_tool,0.22,0.00,25,11,9
2026-09-27T16:25:15Z,31,3667589,component_conta,0.92,0.07,52,0,0
2026-09-27T16:25:15Z,31,3667394,python3,0.10,0.00,15,102,11
2026-09-27T16:25:15Z,31,3673654,python3,0.13,0.01,15,206,5
2026-09-27T16:25:17Z,32,3667567,async_slam_tool,0.35,0.01,25,12,14
2026-09-27T16:25:17Z,32,3667589,component_conta,0.99,0.06,52,0,0
2026-09-27T16:25:17Z,32,3667394,python3,0.10,0.00,15,100,6
2026-09-27T16:25:17Z,32,3673654,python3,0.14,0.00,15,200,6
2026-09-27T16:25:19Z,33,3667567,async_slam_tool,0.39,0.02,25,11,61
2026-09-27T16:25:19Z,33,3667589,component_conta,0.92,0.10,52,0,0
2026-09-27T16:25:19Z,33,3667394,python3,0.11,0.01,15,100,378
2026-09-27T16:25:19Z,33,3673654,python3,0.14,0.01,15,206,441
2026-09-27T16:25:21Z,34,3667567,async_slam_tool,0.23,0.01,25,10,33
2026-09-27T16:25:21Z,34,3667589,component_conta,0.86,0.07,52,0,0
2026-09-27T16:25:21Z,34,3667394,python3,0.09,0.00,15,100,24
2026-09-27T16:25:21Z,34,3673654,python3,0.13,0.00,15,206,5
2026-09-27T16:25:23Z,35,3667567,async_slam_tool,0.33,0.01,25,12,2
2026-09-27T16:25:23Z,35,3667589,component_conta,0.98,0.07,52,0,0
2026-09-27T16:25:23Z,35,3667394,python3,0.10,0.00,15,100,2
2026-09-27T16:25:23Z,35,3673654,python3,0.13,0.00,15,200,11
2026-09-27T16:25:25Z,36,3667567,async_slam_tool,0.41,0.01,25,12,525
2026-09-27T16:25:25Z,36,3667589,component_conta,0.53,0.08,50,0,0
2026-09-27T16:25:25Z,36,3667394,python3,0.12,0.00,15,101,712
2026-09-27T16:25:25Z,36,3673654,python3,0.02,0.01,15,34,72
2026-09-27T16:25:27Z,37,3667567,async_slam_tool,0.24,0.01,25,12,3
2026-09-27T16:25:27Z,37,3667589,component_conta,0.82,0.08,52,0,0
2026-09-27T16:25:27Z,37,3667394,python3,0.10,0.00,15,100,14
2026-09-27T16:25:27Z,37,3673654,python3,0.11,0.00,15,178,27
2026-09-27T16:25:29Z,38,3667567,async_slam_tool,0.36,0.00,25,12,13
2026-09-27T16:25:29Z,38,3667589,component_conta,0.82,0.06,52,0,0
2026-09-27T16:25:29Z,38,3667394,python3,0.08,0.00,15,100,4
2026-09-27T16:25:29Z,38,3673654,python3,0.12,0.01,15,200,1
2026-09-27T16:25:31Z,39,3667567,async_slam_tool,0.41,0.01,25,13,171
2026-09-27T16:25:31Z,39,3667589,component_conta,0.89,0.13,52,0,0
2026-09-27T16:25:31Z,39,3667394,python3,0.10,0.01,15,101,426
2026-09-27T16:25:31Z,39,3673654,python3,0.14,0.00,15,204,477
2026-09-27T16:25:33Z,40,3667567,async_slam_tool,0.21,0.03,25,11,44
2026-09-27T16:25:33Z,40,3667567t3667567,TH:async_slam_tool,4.82,0,,,
2026-09-27T16:25:33Z,40,3667567t3667570,TH:async_slam_-ust,0.00,0,,,
2026-09-27T16:25:33Z,40,3667567t3667571,TH:async_slam_-ust,0.00,0,,,
2026-09-27T16:25:33Z,40,3667567t3667572,TH:async_slam_tool,0.00,0,,,
2026-09-27T16:25:33Z,40,3667567t3667573,TH:async_slam_tool,0.00,0,,,
2026-09-27T16:25:33Z,40,3667567t3667574,TH:dds.shm.wdog,0.00,0,,,
2026-09-27T16:25:33Z,40,3667567t3667575,TH:dds.ev.0,0.18,0,,,
2026-09-27T16:25:33Z,40,3667567t3667576,TH:dds.udp.7416,0.11,0,,,
2026-09-27T16:25:33Z,40,3667567t3667577,TH:dds.udp.7400,0.00,0,,,
2026-09-27T16:25:33Z,40,3667567t3667578,TH:dds.shm.7417,0.40,0,,,
2026-09-27T16:25:33Z,40,3667567t3667579,TH:dds.udp.7417,0.00,0,,,
2026-09-27T16:25:33Z,40,3667567t3667580,TH:dds.asyn.0.0,0.00,0,,,
2026-09-27T16:25:33Z,40,3667567t3667581,TH:dds.shm.7003,0.02,0,,,
2026-09-27T16:25:33Z,40,3667567t3667582,TH:dds.udp.7003,0.00,0,,,
2026-09-27T16:25:33Z,40,3667567t3667583,TH:async_slam_tool,0.01,0,,,
2026-09-27T16:25:33Z,40,3667567t3667584,TH:async_slam_tool,0.42,0,,,
2026-09-27T16:25:33Z,40,3667567t3667585,TH:async_slam_tool,0.43,0,,,
2026-09-27T16:25:33Z,40,3667567t3667586,TH:async_slam_tool,2.88,0,,,
2026-09-27T16:25:33Z,40,3667567t3667660,TH:async_slam_tool,1.11,0,,,
2026-09-27T16:25:33Z,40,3667567t3667661,TH:async_slam_tool,1.12,0,,,
2026-09-27T16:25:33Z,40,3667567t3667662,TH:async_slam_tool,1.10,0,,,
2026-09-27T16:25:33Z,40,3667567t3667663,TH:async_slam_tool,1.09,0,,,
2026-09-27T16:25:33Z,40,3667567t3667664,TH:async_slam_tool,1.13,0,,,
2026-09-27T16:25:33Z,40,3667567t3667665,TH:async_slam_tool,1.13,0,,,
2026-09-27T16:25:33Z,40,3667567t3667666,TH:async_slam_tool,1.14,0,,,
2026-09-27T16:25:33Z,40,3667589,component_conta,0.93,0.12,52,0,0
2026-09-27T16:25:33Z,40,3667589t3667589,TH:component_conta,0.24,0,,,
2026-09-27T16:25:33Z,40,3667589t3667596,TH:component_c-ust,0.00,0,,,
2026-09-27T16:25:33Z,40,3667589t3667597,TH:component_c-ust,0.00,0,,,
2026-09-27T16:25:33Z,40,3667589t3667610,TH:component_conta,0.00,0,,,
2026-09-27T16:25:33Z,40,3667589t3667611,TH:component_conta,0.00,0,,,
2026-09-27T16:25:33Z,40,3667589t3667612,TH:dds.shm.wdog,0.00,0,,,
2026-09-27T16:25:33Z,40,3667589t3667613,TH:dds.ev.0,0.40,0,,,
2026-09-27T16:25:33Z,40,3667589t3667614,TH:dds.udp.7418,0.06,0,,,
2026-09-27T16:25:33Z,40,3667589t3667615,TH:dds.udp.7400,0.01,0,,,
2026-09-27T16:25:33Z,40,3667589t3667616,TH:dds.shm.7419,2.57,0,,,
2026-09-27T16:25:33Z,40,3667589t3667617,TH:dds.udp.7419,0.00,0,,,
2026-09-27T16:25:33Z,40,3667589t3667618,TH:dds.asyn.0.0,0.16,0,,,
2026-09-27T16:25:33Z,40,3667589t3667619,TH:dds.shm.7004,0.00,0,,,
2026-09-27T16:25:33Z,40,3667589t3667620,TH:dds.udp.7004,0.00,0,,,
2026-09-27T16:25:33Z,40,3667589t3667621,TH:component_conta,0.01,0,,,
2026-09-27T16:25:33Z,40,3667589t3667623,TH:component_conta,2.70,0,,,
2026-09-27T16:25:33Z,40,3667589t3667625,TH:component_conta,2.23,0,,,
2026-09-27T16:25:33Z,40,3667589t3667626,TH:component_conta,2.09,0,,,
2026-09-27T16:25:33Z,40,3667589t3667627,TH:component_conta,2.40,0,,,
2026-09-27T16:25:33Z,40,3667589t3667628,TH:component_conta,2.82,0,,,
2026-09-27T16:25:33Z,40,3667589t3667629,TH:component_conta,3.04,0,,,
2026-09-27T16:25:33Z,40,3667589t3667630,TH:component_conta,1.64,0,,,
2026-09-27T16:25:33Z,40,3667589t3667631,TH:component_conta,2.10,0,,,
2026-09-27T16:25:33Z,40,3667589t3667632,TH:component_conta,2.21,0,,,
2026-09-27T16:25:33Z,40,3667589t3667633,TH:component_conta,1.79,0,,,
2026-09-27T16:25:33Z,40,3667589t3667634,TH:component_conta,7.35,0,,,
2026-09-27T16:25:33Z,40,3667589t3667635,TH:component_conta,0.06,0,,,
2026-09-27T16:25:33Z,40,3667589t3667636,TH:component_conta,0.28,0,,,
2026-09-27T16:25:33Z,40,3667589t3667637,TH:component_conta,0.08,0,,,
2026-09-27T16:25:33Z,40,3667589t3667638,TH:component_conta,0.02,0,,,
2026-09-27T16:25:33Z,40,3667589t3667639,TH:component_conta,4.03,0,,,
2026-09-27T16:25:33Z,40,3667589t3667640,TH:component_conta,0.01,0,,,
2026-09-27T16:25:33Z,40,3667589t3667641,TH:component_conta,0.23,0,,,
2026-09-27T16:25:33Z,40,3667589t3667642,TH:component_conta,0.00,0,,,
2026-09-27T16:25:33Z,40,3667589t3667643,TH:component_conta,0.21,0,,,
2026-09-27T16:25:33Z,40,3667589t3667644,TH:component_conta,0.07,0,,,
2026-09-27T16:25:33Z,40,3667589t3667645,TH:component_conta,0.02,0,,,
2026-09-27T16:25:33Z,40,3667589t3667646,TH:component_conta,0.01,0,,,
2026-09-27T16:25:33Z,40,3667589t3667647,TH:component_conta,0.00,0,,,
2026-09-27T16:25:33Z,40,3667589t3667648,TH:component_conta,0.25,0,,,
2026-09-27T16:25:33Z,40,3667589t3667649,TH:component_conta,0.00,0,,,
2026-09-27T16:25:33Z,40,3667589t3667650,TH:component_conta,0.00,0,,,
2026-09-27T16:25:33Z,40,3667589t3667654,TH:component_conta,0.30,0,,,
2026-09-27T16:25:33Z,40,3667589t3667655,TH:component_conta,0.32,0,,,
2026-09-27T16:25:33Z,40,3667589t3667656,TH:component_conta,0.33,0,,,
2026-09-27T16:25:33Z,40,3667589t3667657,TH:component_conta,0.00,0,,,
2026-09-27T16:25:33Z,40,3667589t3667658,TH:component_conta,0.00,0,,,
2026-09-27T16:25:33Z,40,3667589t3667659,TH:component_conta,0.37,0,,,
2026-09-27T16:25:33Z,40,3667589t3667903,TH:component_conta,0.10,0,,,
2026-09-27T16:25:33Z,40,3667589t3668444,TH:component_conta,0.22,0,,,
2026-09-27T16:25:33Z,40,3667589t3692029,TH:component_conta,0.17,0,,,
2026-09-27T16:25:33Z,40,3667589t3693752,TH:component_conta,0.00,0,,,
2026-09-27T16:25:33Z,40,3667394,python3,0.10,0.00,15,100,91
2026-09-27T16:25:33Z,40,3667394t3667394,TH:python3,6.63,0,,,
2026-09-27T16:25:33Z,40,3667394t3667396,TH:python3-ust,0.00,0,,,
2026-09-27T16:25:33Z,40,3667394t3667397,TH:python3-ust,0.00,0,,,
2026-09-27T16:25:33Z,40,3667394t3667398,TH:python3,0.00,0,,,
2026-09-27T16:25:33Z,40,3667394t3667399,TH:python3,0.00,0,,,
2026-09-27T16:25:33Z,40,3667394t3667400,TH:dds.shm.wdog,0.00,0,,,
2026-09-27T16:25:33Z,40,3667394t3667401,TH:dds.ev.0,0.16,0,,,
2026-09-27T16:25:33Z,40,3667394t3667402,TH:dds.udp.7410,0.10,0,,,
2026-09-27T16:25:33Z,40,3667394t3667403,TH:dds.udp.7400,0.00,0,,,
2026-09-27T16:25:33Z,40,3667394t3667404,TH:dds.shm.7411,0.06,0,,,
2026-09-27T16:25:33Z,40,3667394t3667405,TH:dds.udp.7411,0.00,0,,,
2026-09-27T16:25:33Z,40,3667394t3667406,TH:dds.asyn.0.0,0.00,0,,,
2026-09-27T16:25:33Z,40,3667394t3667407,TH:dds.shm.7000,0.02,0,,,
2026-09-27T16:25:33Z,40,3667394t3667408,TH:dds.udp.7000,0.00,0,,,
2026-09-27T16:25:33Z,40,3667394t3667409,TH:python3,0.01,0,,,
2026-09-27T16:25:33Z,40,3673654,python3,0.13,0.01,15,203,167
2026-09-27T16:25:33Z,40,3673654t3673654,TH:python3,5.06,0,,,
2026-09-27T16:25:33Z,40,3673654t3673658,TH:python3-ust,0.00,0,,,
2026-09-27T16:25:33Z,40,3673654t3673659,TH:python3-ust,0.00,0,,,
2026-09-27T16:25:33Z,40,3673654t3673662,TH:python3,0.00,0,,,
2026-09-27T16:25:33Z,40,3673654t3673663,TH:python3,0.00,0,,,
2026-09-27T16:25:33Z,40,3673654t3673664,TH:dds.shm.wdog,0.00,0,,,
2026-09-27T16:25:33Z,40,3673654t3673665,TH:dds.ev.0,0.06,0,,,
2026-09-27T16:25:33Z,40,3673654t3673666,TH:dds.udp.7420,0.06,0,,,
2026-09-27T16:25:33Z,40,3673654t3673667,TH:dds.udp.7400,0.00,0,,,
2026-09-27T16:25:33Z,40,3673654t3673668,TH:dds.shm.7421,0.31,0,,,
2026-09-27T16:25:33Z,40,3673654t3673669,TH:dds.udp.7421,0.00,0,,,
2026-09-27T16:25:33Z,40,3673654t3673670,TH:dds.asyn.0.0,0.00,0,,,
2026-09-27T16:25:33Z,40,3673654t3673671,TH:dds.shm.7005,0.00,0,,,
2026-09-27T16:25:33Z,40,3673654t3673672,TH:dds.udp.7005,0.00,0,,,
2026-09-27T16:25:33Z,40,3673654t3673673,TH:python3,0.00,0,,,
2026-09-27T16:25:35Z,41,3667567,async_slam_tool,0.36,0.01,25,13,9
2026-09-27T16:25:35Z,41,3667589,component_conta,0.59,0.06,52,0,0
2026-09-27T16:25:35Z,41,3667394,python3,0.10,0.00,15,100,17
2026-09-27T16:25:35Z,41,3673654,python3,0.12,0.00,15,201,2
2026-09-27T16:25:37Z,42,3667567,async_slam_tool,0.45,0.02,25,11,162
2026-09-27T16:25:37Z,42,3667589,component_conta,0.91,0.09,52,0,0
2026-09-27T16:25:37Z,42,3667394,python3,0.10,0.01,15,100,298
2026-09-27T16:25:37Z,42,3673654,python3,0.13,0.00,15,203,380
2026-09-27T16:25:39Z,43,3667567,async_slam_tool,0.24,0.01,25,10,200
2026-09-27T16:25:39Z,43,3667589,component_conta,0.87,0.11,52,0,0
2026-09-27T16:25:39Z,43,3667394,python3,0.10,0.00,15,101,389
2026-09-27T16:25:39Z,43,3673654,python3,0.14,0.01,15,209,461
2026-09-27T16:25:41Z,44,3667567,async_slam_tool,0.37,0.01,25,12,42
2026-09-27T16:25:41Z,44,3667589,component_conta,0.85,0.08,52,0,0
2026-09-27T16:25:41Z,44,3667394,python3,0.10,0.00,15,100,18
2026-09-27T16:25:41Z,44,3673654,python3,0.12,0.01,15,201,2
2026-09-27T16:25:43Z,45,3667567,async_slam_tool,0.38,0.01,25,12,43
2026-09-27T16:25:43Z,45,3667589,component_conta,0.99,0.11,52,0,0
2026-09-27T16:25:43Z,45,3667394,python3,0.10,0.00,15,100,64
2026-09-27T16:25:43Z,45,3673654,python3,0.12,0.00,15,203,49
2026-09-27T16:25:45Z,46,3667567,async_slam_tool,0.23,0.01,25,10,252
2026-09-27T16:25:45Z,46,3667589,component_conta,0.96,0.12,52,0,0
2026-09-27T16:25:45Z,46,3667394,python3,0.11,0.01,15,101,395
2026-09-27T16:25:45Z,46,3673654,python3,0.14,0.01,15,204,464
2026-09-27T16:25:47Z,47,3667567,async_slam_tool,0.24,0.02,25,6,1
2026-09-27T16:25:47Z,47,3667589,component_conta,0.55,0.07,1,1,0
2026-09-27T16:25:49Z,48,3667567,async_slam_tool,0.00,0.01,1,2,0
2026-09-27T16:25:49Z,48,3667589,component_conta,0.00,0.00,1,0,0
2026-09-27T16:25:51Z,49,3667567,async_slam_tool,0.00,0.00,1,0,0
2026-09-27T16:25:51Z,49,3667589,component_conta,0.00,0.00,1,0,0
2026-09-27T16:25:53Z,50,3667567,async_slam_tool,0.00,0.00,1,0,0
2026-09-27T16:25:53Z,50,3667567t3667567,TH:async_slam_tool,5.37,0,,,
2026-09-27T16:25:53Z,50,3667589,component_conta,0.00,0.00,1,0,0
2026-09-27T16:25:53Z,50,3667589t3667589,TH:component_conta,0.24,0,,,
2026-09-27T16:25:55Z,51,3667567,async_slam_tool,0.00,0.00,1,0,0
2026-09-27T16:25:55Z,51,3667589,component_conta,0.00,0.00,1,0,0
2026-09-27T16:25:57Z,52,3667567,async_slam_tool,0.00,0.00,1,0,0
2026-09-27T16:25:57Z,52,3667589,component_conta,0.00,0.00,1,0,0
2026-09-27T16:25:59Z,53,3667567,async_slam_tool,0.00,0.00,1,0,0
2026-09-27T16:25:59Z,53,3667589,component_conta,0.00,0.00,1,0,0
2026-09-27T16:26:01Z,54,3667567,async_slam_tool,0.00,0.00,1,0,0
2026-09-27T16:26:01Z,54,3667589,component_conta,0.00,0.00,1,0,0
2026-09-27T16:26:03Z,55,3667567,async_slam_tool,0.00,0.00,1,0,0
2026-09-27T16:26:03Z,55,3667589,component_conta,0.00,0.00,1,0,0
2026-09-27T16:26:05Z,56,3667567,async_slam_tool,0.00,0.00,1,0,0
2026-09-27T16:26:05Z,56,3667589,component_conta,0.00,0.00,1,0,0
2026-09-27T16:26:07Z,57,3667567,async_slam_tool,0.00,0.00,1,0,0
2026-09-27T16:26:07Z,57,3667589,component_conta,0.00,0.00,1,0,0
2026-09-27T16:26:09Z,58,3667567,async_slam_tool,0.00,0.00,1,0,0
2026-09-27T16:26:09Z,58,3667589,component_conta,0.00,0.00,1,0,0
2026-09-27T16:26:11Z,59,3667567,async_slam_tool,0.00,0.00,1,0,0
2026-09-27T16:26:11Z,59,3667589,component_conta,0.00,0.00,1,0,0
2026-09-27T16:26:13Z,60,3667567,async_slam_tool,0.00,0.00,1,0,0
2026-09-27T16:26:13Z,60,3667567t3667567,TH:async_slam_tool,5.37,0,,,
2026-09-27T16:26:13Z,60,3667589,component_conta,0.00,0.00,1,0,0
2026-09-27T16:26:13Z,60,3667589t3667589,TH:component_conta,0.24,0,,,
